Student_Age,Attendance_Percentage,Study_Hours_Per_Week,Assignments_Submitted,Mock_Test_Score,At_Risk
23,69,20,3,42,No
20,57,20,8,35,No
29,41,30,1,28,Yes
27,88,27,9,32,No
24,52,26,3,47,No
29,43,14,4,46,No
21,65,17,1,70,No
23,64,18,9,83,No
26,69,29,0,71,No
19,50,20,6,57,No
23,46,27,9,84,No
27,70,18,0,37,Yes
27,83,4,10,82,No
24,49,1,10,70,No
21,78,1,7,28,No
20,52,26,2,32,Yes
24,70,20,9,59,No
24,46,23,5,74,No
19,95,10,6,98,No
22,88,11,9,62,No
21,81,5,0,63,No
18,100,1,5,87,No
24,81,17,6,52,No
28,95,22,5,43,No
22,75,34,3,55,No
18,59,29,0,29,Yes
28,43,4,10,39,No
21,93,5,8,94,No
17,46,11,3,31,Yes
28,93,21,6,81,No
26,40,12,6,37,No
22,83,26,1,82,No
29,95,19,0,44,No
28,84,7,7,31,No
25,81,7,7,40,No
17,86,26,6,44,No
27,98,5,7,30,No
27,52,21,2,83,No
26,94,14,10,92,No
28,61,4,1,69,Yes
28,93,23,6,81,No
19,60,20,7,68,No
28,61,15,0,33,Yes
23,67,29,9,20,No
20,48,8,8,44,No
25,65,19,10,78,No
19,48,28,3,91,No
21,54,27,3,88,No
19,49,4,2,24,Yes
23,63,15,5,38,No
21,97,1,0,42,No
25,96,3,5,28,No
23,100,24,1,69,No
18,81,27,8,35,No
20,47,34,1,52,No
25,63,29,6,21,No
28,55,24,0,33,Yes
18,88,24,6,20,No
26,65,4,4,77,No
25,66,3,7,35,No
26,76,34,3,98,No
21,43,23,9,66,No
18,89,23,6,63,No
20,63,5,5,99,No
28,58,31,4,33,No
28,75,6,3,43,No
23,99,10,6,74,No
28,78,7,4,34,No
29,49,21,4,91,No
24,64,20,0,53,No
19,57,3,1,21,Yes
17,58,22,4,46,No
20,75,4,2,93,No
18,49,28,1,91,No
24,72,12,3,42,No
20,94,5,3,87,No
18,89,13,3,33,No
22,44,23,3,82,No
22,86,30,2,84,No
26,88,25,6,87,No
20,74,27,8,82,No
22,83,14,4,83,No
29,73,16,3,51,No
18,72,22,10,98,No
26,94,21,1,32,No
28,60,21,1,85,No
18,56,8,4,38,No
26,61,16,6,43,No
20,87,31,9,30,No
24,76,10,9,78,No
23,54,32,8,34,No
28,74,34,6,29,No
25,67,9,4,60,No
24,46,17,9,46,No
21,71,11,9,79,No
29,50,32,9,92,No
18,49,10,5,71,No
21,48,22,10,47,No
24,53,17,2,84,No
26,52,4,4,36,Yes
25,100,25,7,63,No
28,96,21,0,29,No
28,64,1,0,82,Yes
28,41,25,6,66,No
29,74,17,4,57,No
25,46,24,4,89,No
29,60,2,0,95,Yes
29,57,15,8,72,No
17,42,32,0,97,Yes
25,81,6,4,63,No
23,93,1,9,93,No
25,100,23,8,73,No
24,78,17,3,39,No
17,80,34,7,98,No
28,88,29,5,50,No
24,50,9,10,26,No
24,78,13,2,77,No
27,63,6,3,29,Yes
19,99,6,1,29,No
17,85,20,0,58,No
24,58,3,7,47,No
19,43,17,0,49,Yes
19,65,12,10,56,No
17,77,1,0,86,Yes
27,81,17,3,62,No
21,71,3,9,98,No
26,78,26,9,71,No
23,84,15,5,75,No
26,85,32,8,95,No
25,75,32,0,87,No
28,79,4,6,28,No
23,76,18,9,42,No
25,72,19,10,82,No
24,75,14,4,80,No
28,42,33,7,59,No
18,48,14,6,63,No
17,47,34,3,43,No
23,72,4,3,70,No
23,98,24,5,77,No
24,45,29,5,52,No
21,80,19,8,35,No
19,78,6,4,41,No
28,43,33,7,76,No
24,52,19,4,81,No
22,88,1,1,90,No
27,99,5,5,91,No
19,41,27,8,89,No
17,99,16,2,49,No
19,44,6,0,42,Yes
21,83,13,0,51,No
19,66,19,2,76,No
17,71,12,9,28,No
21,60,16,4,50,No
26,47,10,2,90,No
23,77,25,8,28,No
23,47,20,7,32,No
27,89,31,2,77,No
25,42,4,8,22,Yes
26,93,23,5,54,No
26,83,2,6,40,No
28,100,22,3,83,No
29,97,8,3,71,No
19,42,7,1,53,Yes
23,61,14,4,54,No
17,45,3,7,34,No
20,41,16,6,25,Yes
29,62,19,6,51,No
20,83,18,5,71,No
21,41,16,2,47,No
23,77,8,4,83,No
23,56,33,0,98,No
29,74,12,6,97,No
27,73,11,8,38,No
29,62,5,0,34,Yes
20,69,27,1,25,Yes
29,91,12,2,92,No
23,47,17,2,57,No
27,61,6,7,45,No
19,83,33,6,70,No
22,97,5,5,92,No
28,75,28,9,72,No
18,44,14,9,75,No
26,52,5,10,78,No
29,68,33,3,89,No
25,70,19,8,97,No
21,86,22,0,77,No
22,96,5,10,32,No
28,94,2,1,62,No
28,55,30,3,95,No
28,81,4,2,70,No
28,69,33,0,38,Yes
20,96,13,4,40,No
27,94,20,6,43,No
26,55,7,1,45,Yes
23,51,15,4,64,No
28,56,23,5,47,No
25,55,14,10,48,No
23,51,23,6,36,No
17,47,19,0,87,Yes
17,59,29,6,63,No
25,42,20,3,80,No
27,55,29,7,87,No
25,69,24,3,93,No
20,84,18,5,44,No
29,62,10,8,86,No
25,67,8,4,21,Yes
19,90,26,3,68,No
23,79,29,7,89,No
22,93,10,8,45,No
24,44,17,3,91,No
27,59,2,2,46,Yes
25,79,6,7,37,No
21,95,5,4,73,No
17,83,28,1,20,Yes
19,40,5,9,80,No
26,96,18,8,22,No
28,69,26,2,87,No
24,60,20,1,60,No
27,59,27,0,56,No
22,45,12,7,70,No
24,61,7,10,34,No
25,57,3,2,27,Yes
20,47,10,6,57,No
17,78,34,0,75,No
17,71,25,0,66,No
26,72,16,8,29,No
20,92,2,7,97,No
28,55,24,2,68,No
23,51,10,5,60,No
18,77,22,10,49,No
19,91,26,2,24,No
17,73,27,3,90,No
21,100,29,0,50,No
17,53,20,4,71,No
24,75,27,0,42,No
17,72,20,0,67,No
27,62,19,9,59,No
17,89,20,10,25,No
18,84,2,10,57,No
18,41,30,6,60,No
28,80,34,5,46,No
22,60,22,1,94,No
23,41,3,10,88,No
21,66,6,1,76,No
17,96,15,10,36,No
17,48,27,6,90,No
19,40,10,0,66,Yes
18,50,9,1,98,No
21,42,33,7,32,No
28,91,32,5,30,No
26,62,6,1,43,Yes
22,65,2,6,92,No
23,43,29,3,23,Yes
20,57,4,1,65,Yes
23,94,1,5,37,No
27,45,19,10,62,No
24,74,26,8,99,No
27,61,25,10,52,No
17,82,10,8,29,No
22,54,15,7,92,No
24,61,22,2,78,No
21,99,21,2,50,No
20,76,22,1,47,No
18,91,34,4,79,No
22,81,30,3,22,No
22,51,25,6,74,No
27,86,28,3,33,No
17,88,1,8,77,No
25,81,4,1,34,Yes
28,77,7,10,21,No
27,57,9,5,43,No
22,84,19,6,97,No
29,74,1,3,83,No
19,69,10,5,90,No
20,63,9,6,43,No
28,81,32,3,46,No
27,69,32,7,56,No
20,53,6,8,58,No
19,45,17,0,82,Yes
26,42,10,6,98,No
19,55,27,8,45,No
19,46,21,9,84,No
20,91,25,4,23,No
23,53,28,1,48,No
20,48,15,9,20,No
25,54,4,5,69,No
17,60,29,6,30,No
24,74,9,1,93,No
23,41,27,1,78,Yes
18,66,26,9,81,No
24,41,19,9,55,No
17,74,28,0,75,No
27,57,17,3,40,No
28,53,20,6,32,No
25,59,23,8,28,No
25,57,32,2,30,Yes
18,49,33,10,94,No
23,64,5,6,89,No
26,41,34,6,20,Yes
19,64,11,6,89,No
23,100,3,1,96,No
28,93,33,5,75,No
26,72,11,1,50,No
25,75,16,5,56,No
20,70,18,9,66,No
28,53,30,2,97,No
17,40,10,1,66,Yes
18,85,18,5,88,No
17,55,19,1,77,No
28,93,13,4,55,No
21,85,3,1,51,No
21,100,10,2,83,No
27,91,1,2,90,No
23,42,27,5,61,No
25,74,8,5,67,No
25,80,17,9,93,No
19,45,9,2,49,No
19,64,6,2,40,No
19,52,25,0,79,No
20,92,28,6,32,No
24,73,33,7,20,No
22,47,9,1,84,No
24,60,18,3,52,No
17,73,21,9,57,No
24,43,2,6,44,No
20,64,15,7,45,No
27,54,28,0,96,No
17,43,18,3,78,No
24,84,34,5,52,No
20,99,22,2,60,No
22,51,11,4,49,No
24,71,13,9,76,No
20,71,4,8,68,No
19,67,22,10,67,No
25,52,7,2,91,No
19,70,24,4,68,No
25,53,4,7,66,No
29,59,28,5,75,No
18,57,15,3,84,No
18,68,1,7,31,No
18,99,3,10,88,No
22,45,14,2,25,Yes
19,71,1,2,84,No
29,68,21,3,44,No
25,82,29,8,20,No
20,41,5,4,51,No
17,99,10,7,22,No
20,62,28,5,68,No
17,58,21,2,38,No
21,70,7,7,79,No
20,90,3,8,48,No
24,44,20,7,69,No
24,58,19,3,21,Yes
23,73,4,10,92,No
19,49,5,5,75,No
17,64,1,0,36,Yes
17,41,4,3,79,Yes
28,50,12,7,55,No
27,89,27,0,80,No
19,100,23,2,36,No
22,70,25,0,68,No
23,95,21,8,95,No
22,54,24,1,79,No
22,48,25,8,39,No
22,62,32,3,69,No
29,58,32,1,22,Yes
19,48,5,3,62,No
22,74,16,10,76,No
24,60,33,10,69,No
27,48,21,9,87,No
27,67,9,5,69,No
18,85,6,10,56,No
21,90,22,6,65,No
17,46,5,2,61,Yes
28,55,23,2,34,Yes
17,55,17,9,52,No
21,99,12,7,99,No
28,72,23,4,30,No
29,43,16,3,39,Yes
19,43,3,6,43,No
20,78,30,6,83,No
19,79,22,8,99,No
17,56,9,8,84,No
17,76,29,4,92,No
28,78,23,7,95,No
28,99,13,9,36,No
29,91,32,0,80,No
21,68,23,8,34,No
22,91,17,7,70,No
19,75,21,5,46,No
28,99,2,2,93,No
25,77,6,2,80,No
21,78,18,7,77,No
24,89,30,4,50,No
29,76,22,9,31,No
17,91,33,10,65,No
21,100,30,6,50,No
19,74,17,4,51,No
28,46,32,7,51,No
17,66,14,9,72,No
20,67,10,9,80,No
29,61,34,3,65,No
21,53,9,1,93,No
23,46,28,2,99,No
17,76,11,7,26,No
19,100,14,10,23,No
18,61,19,6,71,No
25,44,15,1,50,No
26,94,28,5,94,No
22,41,24,8,55,No
26,66,8,3,73,No
19,60,9,8,73,No
24,93,33,1,36,No
24,77,33,1,94,No
18,54,19,8,49,No
22,60,3,6,41,No
23,49,10,6,62,No
18,62,1,0,46,Yes
27,97,29,10,56,No
26,95,34,5,65,No
18,78,13,6,54,No
26,44,1,10,23,No
17,40,34,5,99,No
24,52,29,5,99,No
17,60,13,1,45,No
25,65,29,5,38,No
27,89,24,3,64,No
22,84,26,8,45,No
23,60,17,0,41,Yes
29,92,7,7,77,No
26,57,13,4,82,No
23,76,5,0,47,No
26,84,26,3,84,No
19,71,3,0,63,Yes
18,75,7,5,62,No
25,56,1,1,56,Yes
24,74,17,4,85,No
29,88,25,6,36,No
28,99,3,1,59,No
26,50,15,5,57,No
23,60,29,5,80,No
25,91,32,4,28,No
20,94,26,4,96,No
29,92,16,2,94,No
20,65,25,9,80,No
17,43,28,9,99,No
24,73,9,10,35,No
28,91,1,1,21,Yes
19,87,29,6,91,No
23,99,22,0,62,No
28,57,16,5,61,No
18,79,7,5,96,No
18,74,14,2,76,No
23,80,29,1,86,No
22,68,19,1,49,No
19,91,19,8,32,No
25,68,2,10,38,No
26,77,15,4,26,No
29,81,3,6,28,No
22,60,11,4,73,No
26,81,30,6,80,No
26,52,18,3,21,Yes
22,88,2,7,69,No
17,80,32,10,94,No
20,56,8,9,50,No
26,95,22,10,52,No
22,48,6,9,97,No
22,80,12,6,99,No
27,40,15,9,30,No
28,41,28,4,52,No
21,99,18,10,26,No
17,87,2,5,50,No
24,68,13,4,67,No
21,72,15,6,66,No
28,49,20,1,97,No
28,89,29,4,72,No
28,97,29,9,99,No
21,99,3,2,38,No
23,79,19,8,25,No
20,60,3,5,68,No
22,67,14,9,92,No
29,50,4,2,69,Yes
20,94,11,6,31,No
19,73,31,3,42,No
23,47,32,2,73,No
24,98,27,7,88,No
20,61,30,3,78,No
29,47,2,10,55,No
18,88,9,0,22,Yes
28,54,28,5,77,No
26,56,31,9,74,No
19,99,34,10,76,No
17,62,15,10,36,No
24,63,25,0,58,No
19,84,8,4,87,No
28,58,9,6,74,No
26,44,32,5,64,No
23,71,17,1,95,No
26,83,19,10,20,No
21,40,29,3,40,Yes
26,62,7,10,40,No
21,76,28,1,71,No
23,47,9,10,62,No
25,52,28,0,71,No
28,47,6,2,86,No
21,96,29,2,63,No
17,62,17,6,51,No
26,82,16,0,29,Yes
26,40,23,8,83,No
17,84,31,10,98,No
18,90,3,5,88,No
22,63,21,3,87,No
25,74,26,2,47,No
24,63,22,2,72,No
29,56,12,1,70,No
21,44,13,1,72,No
17,59,11,9,23,No
29,60,16,4,98,No
23,79,8,8,36,No
21,97,2,1,86,No
22,70,30,1,93,No
29,85,30,5,66,No
23,75,12,9,75,No
19,50,10,1,42,Yes
28,91,11,3,37,No
26,54,15,5,20,Yes
19,58,16,4,54,No
21,46,17,0,83,Yes
22,90,26,5,77,No
25,67,2,0,78,Yes
29,90,12,2,20,No
28,82,26,9,22,No
21,97,23,4,86,No
17,44,18,9,56,No
20,44,32,4,48,No
21,69,3,9,52,No
28,93,3,5,80,No
26,71,30,9,23,No
26,47,1,7,33,Yes
21,49,30,4,52,No
23,77,32,10,41,No
20,86,28,0,67,No
17,71,21,4,22,No
21,87,13,2,42,No
23,67,27,3,87,No
26,56,7,7,40,No
26,70,22,6,62,No
22,47,10,10,45,No
21,79,15,4,60,No
20,64,15,1,57,No
18,48,4,5,30,Yes
20,41,32,10,48,No
26,54,23,5,79,No
26,89,6,9,86,No
19,42,24,9,84,No
26,88,20,10,80,No
17,75,20,5,38,No
24,43,12,8,65,No
21,53,33,10,68,No
29,80,28,7,41,No
20,80,8,7,97,No
24,64,1,0,76,Yes
23,97,22,4,33,No
18,94,6,6,63,No
17,89,21,5,35,No
28,49,32,4,96,No
27,60,15,7,31,No
20,75,5,2,74,No
24,51,6,5,70,No
28,66,25,4,58,No
18,79,29,7,52,No
19,41,7,3,52,No
28,93,13,7,48,No
17,52,18,9,88,No
17,92,2,1,89,No
29,71,8,8,50,No
19,70,11,8,99,No
27,55,33,9,50,No
21,71,27,9,65,No
28,71,20,5,96,No
19,99,12,3,71,No
17,73,31,3,29,No
17,50,27,5,93,No
24,49,32,4,60,No
26,54,10,5,96,No
27,56,3,6,22,Yes
28,79,27,6,78,No
29,57,31,8,71,No
29,94,15,7,53,No
28,48,16,5,68,No
18,64,13,5,47,No
29,79,11,4,32,No
19,98,21,0,88,No
18,53,11,8,86,No
19,99,30,8,80,No
23,97,22,8,79,No
17,64,31,10,90,No
26,89,14,7,43,No
24,61,24,9,82,No
29,91,32,2,80,No
26,69,32,0,42,No
26,59,15,10,49,No
26,60,3,7,79,No
18,83,16,6,37,No
19,71,5,4,75,No
25,90,21,9,72,No
23,85,10,6,26,No
20,88,19,9,88,No
26,95,25,3,91,No
21,60,4,8,98,No
18,74,29,10,71,No
29,97,19,9,23,No
27,71,2,1,53,No
29,69,10,8,88,No
24,94,25,8,52,No
20,78,20,4,88,No
25,88,19,10,57,No
21,51,23,0,45,Yes
29,80,24,6,20,No
25,86,11,9,23,No
20,57,34,9,58,No
26,60,28,3,73,No
21,52,5,8,52,No
25,60,5,5,52,No
24,47,21,2,91,No
19,85,12,5,39,No
17,79,4,9,35,No
19,85,20,5,40,No
20,46,25,4,64,No
18,62,14,1,81,No
17,83,11,9,50,No
23,71,32,9,61,No
24,50,11,1,31,Yes
23,61,18,6,84,No
21,61,27,1,92,No
28,82,18,5,22,No
17,64,23,4,28,No
23,61,11,3,70,No
29,67,21,6,35,No
23,68,5,7,97,No
25,52,23,3,22,Yes
19,57,25,0,43,Yes
25,41,10,0,92,Yes
17,68,22,0,32,Yes
17,60,19,10,21,No
20,54,1,0,90,Yes
25,91,7,4,40,No
22,66,4,3,38,No
29,89,1,8,66,No
27,70,15,2,41,No
19,54,12,6,94,No
17,90,22,10,52,No
20,62,22,7,51,No
28,63,17,5,83,No
29,83,29,9,58,No
25,52,14,0,91,No
19,61,20,7,61,No
28,82,33,9,28,No
25,76,15,2,44,No
23,100,12,7,21,No
28,72,20,3,38,No
20,95,30,7,39,No
19,42,3,10,89,No
26,93,28,0,36,No
21,58,26,2,87,No
21,62,30,5,22,No
19,68,13,8,70,No
28,69,13,1,45,No
25,78,2,10,75,No
20,83,2,0,83,No
27,86,26,9,27,No
21,64,11,2,56,No
20,76,8,3,46,No
21,86,22,10,64,No
23,47,20,4,23,Yes
25,81,8,2,56,No
23,97,29,9,90,No
29,55,26,10,52,No
21,47,30,1,50,No
26,40,17,1,74,Yes
26,83,20,6,31,No
23,44,16,8,30,No
26,42,7,9,91,No
21,40,16,1,51,Yes
19,43,27,6,76,No
23,79,23,6,57,No
29,74,24,10,79,No
27,71,9,6,38,No
27,81,20,2,75,No
18,73,17,6,33,No
28,82,31,0,52,No
25,64,8,9,29,No
26,49,15,0,99,Yes
26,60,31,4,83,No
28,85,30,1,83,No
17,78,20,8,81,No
29,66,12,6,87,No
22,66,17,3,62,No
23,41,30,3,99,No
29,80,29,1,78,No
24,87,19,4,71,No
26,52,11,3,38,No
25,48,34,0,40,Yes
18,91,7,7,41,No
27,75,34,2,28,No
26,61,20,5,28,No
18,81,24,3,92,No
21,65,10,8,46,No
29,97,32,6,36,No
21,93,15,8,63,No
22,51,20,9,64,No
19,56,3,2,27,Yes
24,53,8,0,99,Yes
29,53,23,4,37,No
17,96,11,2,52,No
22,73,8,5,20,No
20,92,29,7,95,No
17,96,30,10,25,No
23,59,10,3,60,No
25,50,28,4,74,No
29,55,13,4,24,Yes
20,90,32,3,78,No
20,70,26,3,99,No
22,94,22,3,37,No
28,45,4,3,68,No
19,95,31,3,84,No
29,58,18,4,73,No
28,76,24,1,80,No
22,97,23,1,27,No
23,43,22,8,22,No
27,86,2,1,44,No
26,100,31,5,88,No
26,43,11,1,74,No
19,59,28,4,59,No
23,49,32,3,69,No
19,63,5,6,52,No
29,93,10,6,37,No
29,74,24,5,76,No
18,65,23,9,35,No
28,76,17,4,99,No
26,77,1,0,57,Yes
20,60,31,2,60,No
28,93,31,8,26,No
24,79,34,0,97,No
29,78,9,4,72,No
25,60,22,1,82,No
23,49,13,3,51,No
17,77,25,10,57,No
19,85,18,0,41,No
29,43,12,2,35,Yes
28,99,17,9,71,No
25,96,15,6,48,No
28,84,15,9,35,No
17,59,15,2,95,No
25,56,13,3,36,No
24,94,17,1,83,No
17,46,32,2,32,Yes
22,43,9,8,91,No
21,68,20,2,75,No
22,53,26,10,24,No
26,42,27,4,31,Yes
28,63,21,1,60,No
29,76,18,3,22,No
29,55,13,6,52,No
29,97,16,6,69,No
21,94,9,2,75,No
22,91,12,4,28,No
21,43,19,0,69,Yes
27,95,7,9,48,No
28,63,18,9,58,No
21,73,16,9,64,No
20,69,4,10,36,No
19,57,25,0,75,No
19,58,32,4,65,No
20,70,13,9,86,No
25,99,17,8,88,No
18,99,6,0,33,No
25,58,19,0,86,No
17,88,13,3,42,No
17,85,26,3,80,No
21,58,14,1,42,No
22,61,31,8,46,No
22,63,4,8,73,No
19,84,8,1,29,No
23,51,25,8,96,No
25,69,13,5,35,No
27,97,32,7,60,No
28,77,28,9,74,No
26,92,30,3,80,No
24,70,3,1,68,No
22,75,28,1,92,No
28,58,3,8,71,No
24,87,34,0,21,Yes
28,84,16,6,69,No
21,75,22,10,62,No
24,69,32,2,96,No
26,94,8,2,27,No
28,88,8,1,78,No
20,94,6,9,84,No
26,72,14,5,31,No
24,57,32,9,23,No
26,91,10,1,96,No
28,88,3,9,60,No
18,98,12,3,26,No
28,67,31,9,88,No
28,98,29,8,88,No
21,86,5,8,49,No
25,50,25,5,92,No
20,96,31,3,25,No
27,99,21,6,38,No
22,93,20,0,99,No
17,84,22,3,85,No
25,72,4,4,29,No
17,56,13,7,35,No
21,45,20,1,56,No
20,43,13,4,98,No
29,59,17,5,96,No
28,87,33,4,96,No
29,86,1,8,51,No
29,66,15,9,66,No
19,54,13,0,91,No
29,45,17,2,62,No
22,86,24,1,55,No
18,53,8,2,45,No
19,99,27,9,29,No
21,50,23,8,50,No
25,78,8,8,48,No
18,48,8,9,24,No
26,65,26,1,96,No
24,55,13,2,20,Yes
18,44,28,3,22,Yes
27,96,25,8,86,No
29,91,16,2,90,No
21,100,2,6,54,No
23,49,18,2,34,Yes
24,89,17,6,86,No
17,42,30,6,49,No
22,52,13,8,94,No
17,82,32,1,62,No
18,88,29,5,79,No
17,69,30,8,59,No
27,93,18,1,84,No
21,84,13,1,48,No
26,45,21,4,93,No
25,56,30,9,38,No
22,98,21,9,22,No
27,84,17,9,55,No
27,90,19,7,62,No
17,92,15,10,34,No
29,58,9,8,60,No
17,81,10,1,99,No
18,74,31,4,55,No
25,85,23,6,96,No
19,65,30,5,52,No
17,90,33,5,24,No
21,44,9,6,97,No
23,68,1,2,33,Yes
22,76,11,2,87,No
28,59,34,9,66,No
17,88,16,8,73,No
21,60,9,7,23,No
21,49,32,4,28,Yes
22,44,15,5,72,No
19,75,12,10,96,No
21,45,33,9,97,No
23,65,14,0,79,No
21,43,8,9,65,No
21,78,8,0,73,No
21,78,27,3,93,No
26,89,12,1,56,No
26,74,1,10,42,No
19,40,11,6,46,No
17,63,31,1,89,No
21,96,17,9,85,No
25,75,33,1,80,No
17,45,32,4,96,No
19,80,29,3,70,No
29,93,21,7,69,No
29,85,21,3,38,No
20,99,23,5,20,No
17,83,6,4,59,No
17,99,22,10,51,No
24,96,8,1,41,No
18,70,11,10,85,No
28,59,24,7,59,No
24,63,21,1,57,No
23,64,2,8,67,No
26,75,19,8,74,No
26,60,28,2,94,No
18,69,17,3,74,No
22,63,6,7,70,No
22,83,19,8,79,No
19,81,28,2,27,No
27,69,2,4,87,No
18,61,4,10,94,No
28,67,22,7,91,No
17,46,26,2,28,Yes
22,74,13,6,21,No
28,94,32,10,99,No
21,67,17,7,89,No
27,53,19,9,78,No
25,95,28,10,38,No
17,49,1,2,47,Yes
23,55,18,1,91,No
21,55,33,9,33,No
21,93,12,6,43,No
18,70,8,8,63,No
27,81,24,0,75,No
19,64,16,2,70,No
23,52,4,4,51,No
22,45,27,2,69,No
28,83,9,0,60,No
18,48,16,6,85,No
22,84,12,6,44,No
18,75,31,9,80,No
18,95,24,7,85,No
18,82,14,4,61,No
27,59,25,9,84,No
19,57,34,4,55,No
18,97,3,4,95,No
20,82,24,0,28,Yes
25,96,9,9,55,No
22,60,26,4,57,No
17,43,20,5,52,No
24,89,10,0,61,No
28,72,19,10,80,No
23,66,3,6,65,No
26,46,24,0,80,Yes
19,45,5,10,37,No
17,54,3,1,89,Yes
21,57,27,1,99,No
29,71,16,4,34,No
20,95,15,9,67,No
26,50,12,6,91,No
24,59,26,0,32,Yes
17,63,34,9,62,No
26,54,23,0,79,No
17,87,31,0,76,No
28,46,20,5,90,No
20,60,12,1,36,Yes
24,81,23,0,69,No
21,65,4,5,51,No
18,83,23,1,41,No
22,95,1,5,74,No
21,53,25,9,76,No
18,96,2,7,32,No
29,76,30,1,66,No
27,97,3,10,81,No
27,60,21,8,73,No
27,57,25,7,48,No
19,44,20,9,41,No
25,42,22,0,84,Yes
23,62,21,6,48,No
23,65,33,9,67,No
27,76,15,5,24,No
22,63,15,5,54,No
24,88,25,5,93,No
20,58,21,5,90,No
24,90,24,9,65,No
20,64,5,6,54,No
24,60,6,2,64,No
25,51,23,5,32,No
19,96,4,2,29,No
19,100,27,6,85,No
27,80,18,6,89,No
29,72,21,7,91,No
18,89,28,1,44,No
29,92,22,8,63,No
26,43,23,4,79,No
19,81,3,8,66,No
19,96,10,9,59,No
21,46,25,4,26,Yes
21,61,8,6,65,No
18,94,11,10,42,No
28,72,5,8,65,No
26,56,29,3,32,No
29,63,5,1,40,Yes
22,100,9,8,20,No
21,100,2,1,38,No
22,73,1,2,79,No
17,67,30,9,52,No
21,97,11,1,23,No
25,82,28,2,22,No
28,80,12,5,71,No
26,78,26,2,47,No
18,61,13,9,89,No
17,88,8,7,89,No
26,56,28,10,74,No
29,73,30,5,76,No
27,45,9,6,35,No
25,85,31,0,43,No
26,45,21,2,88,No
25,73,34,2,60,No
25,40,31,1,96,Yes
22,49,25,6,66,No
24,60,12,8,95,No
27,44,1,3,88,Yes
29,41,22,4,50,No
17,61,1,2,49,Yes
26,87,1,10,37,No
20,96,21,8,63,No
17,41,15,3,46,No
24,49,17,4,45,No
17,73,22,0,79,No
19,55,16,10,37,No
29,87,8,1,75,No
20,90,17,8,50,No
24,100,17,1,78,No
22,78,26,4,21,No
26,61,13,7,58,No
28,51,17,2,80,No
23,63,17,5,82,No
24,86,14,3,37,No
18,79,6,10,36,No
29,77,14,6,58,No
26,99,8,9,90,No
27,98,15,2,73,No
24,49,27,5,95,No
19,74,13,9,54,No
23,90,31,8,30,No
19,88,6,10,80,No
23,71,5,9,63,No
27,46,22,0,87,Yes
28,60,23,2,44,No
29,59,25,1,67,No
18,65,34,7,51,No
26,43,26,6,23,Yes
22,85,5,1,57,No
19,91,26,5,82,No
19,61,20,2,66,No
25,54,6,7,20,Yes
23,95,6,9,22,No
21,79,18,2,81,No
28,60,4,9,83,No
26,54,17,8,36,No
23,61,14,0,97,No
25,91,14,4,81,No
17,67,13,2,54,No
23,53,7,5,32,No
22,66,15,9,54,No
26,100,19,1,62,No
28,80,17,8,21,No
25,79,19,5,75,No
17,97,20,6,96,No
29,67,32,4,70,No
20,65,24,8,73,No
25,88,17,0,35,No
20,41,7,4,37,Yes
26,64,1,10,26,No
19,95,32,9,64,No
25,42,13,10,55,No
29,47,6,5,60,No
18,83,14,6,61,No
20,72,15,3,26,No
22,81,4,0,34,Yes
18,91,16,10,79,No
24,74,28,7,59,No
24,45,16,9,56,No
17,78,4,3,85,No
28,91,26,2,74,No
19,62,28,6,96,No
26,64,32,1,99,No
25,98,2,7,75,No
21,89,31,5,63,No
22,82,3,6,76,No
20,58,8,4,25,Yes
26,44,24,8,51,No
18,90,15,4,93,No
27,50,31,10,37,No
24,95,9,4,87,No
27,51,2,2,92,Yes
29,49,8,10,26,No
22,47,7,0,27,Yes
21,63,16,1,83,No
25,99,30,7,26,No
17,67,10,0,60,No
21,80,18,6,59,No
22,75,5,4,22,Yes
21,76,29,2,36,No
22,60,34,10,85,No
22,47,23,6,98,No
23,94,5,8,71,No
20,48,30,1,41,Yes
27,86,6,7,23,No
24,54,4,8,25,No
23,87,29,10,57,No
25,85,23,2,45,No
23,79,6,1,30,Yes
19,57,32,6,36,No
19,81,18,4,50,No
24,99,15,4,96,No
21,59,32,9,54,No
20,45,9,4,35,No
24,51,10,3,98,No
22,41,20,4,37,No
18,46,6,3,81,No
20,55,3,5,46,No
28,42,11,3,54,No
27,84,17,1,64,No
20,42,32,8,54,No
22,66,4,1,47,Yes
22,89,4,8,28,No
17,82,17,9,95,No
24,79,19,5,34,No
22,77,5,8,40,No
19,72,32,8,71,No
25,67,22,2,54,No
18,40,6,0,70,Yes
27,94,22,0,74,No
24,47,1,2,96,Yes
26,76,20,4,63,No
19,71,22,2,84,No
29,99,11,8,99,No
28,87,13,8,44,No
21,82,3,2,66,No
22,76,9,2,99,No
26,43,12,4,75,No
22,69,23,1,57,No
20,45,14,5,30,No
19,85,33,6,86,No
20,93,18,8,34,No
17,58,9,5,20,Yes
20,71,23,2,26,Yes
17,48,10,4,20,Yes
28,51,19,3,68,No
17,50,5,4,92,No
26,85,23,7,48,No
22,94,30,7,45,No
21,55,25,5,64,No
27,40,28,0,90,Yes
20,84,34,7,31,No
29,94,25,7,51,No
27,92,10,1,39,No
19,60,14,3,70,No
17,69,30,1,55,No
22,52,25,3,86,No
18,73,14,9,20,No
24,43,34,6,46,No
26,67,10,8,59,No
21,77,11,7,33,No
23,97,11,8,88,No
26,70,21,7,98,No
28,98,21,1,25,No
18,94,22,6,52,No
29,66,7,1,74,No
24,44,17,10,38,No
18,64,2,1,96,Yes
20,42,12,3,48,No
17,72,18,0,80,No
21,43,11,4,89,No
25,64,16,5,98,No
17,59,18,8,99,No
25,73,26,9,43,No
27,65,16,7,42,No
24,44,6,1,29,Yes
22,74,12,0,73,No
23,100,13,1,60,No
19,67,4,6,68,No
17,68,2,3,36,Yes
21,48,26,9,75,No
28,91,27,4,64,No
28,77,27,6,49,No
18,89,15,2,63,No
21,45,8,9,93,No
24,58,7,1,74,No
27,99,12,6,38,No
25,83,13,4,48,No
18,96,17,0,21,Yes
28,50,17,0,55,No
19,41,21,8,38,No
19,86,8,4,26,No
17,83,5,0,45,No
24,83,26,6,98,No
22,48,16,8,57,No
28,60,28,10,22,No
29,63,29,0,99,No
24,73,12,9,85,No
27,61,30,3,90,No
25,42,23,2,62,No
21,51,16,4,81,No
28,67,14,6,90,No
19,69,10,7,43,No
21,65,7,1,58,No
21,87,29,6,87,No
21,60,3,0,63,Yes
19,67,15,6,24,No
27,95,19,7,74,No
26,65,13,1,49,No
20,72,21,8,48,No
25,60,27,0,45,No
29,74,29,5,45,No
26,91,20,0,56,No
25,73,25,2,72,No
18,80,6,10,49,No
24,90,2,5,22,No
24,86,22,2,62,No
23,57,32,7,26,No
24,97,16,4,68,No
19,50,18,1,92,No
29,96,5,3,60,No
22,62,30,8,96,No
17,87,19,3,98,No
23,61,23,9,73,No
17,56,34,9,88,No
25,44,13,7,46,No
17,83,29,4,27,No
17,50,22,10,51,No
23,69,9,10,83,No
18,54,19,9,29,No
21,66,6,0,32,Yes
24,74,15,6,82,No
24,72,20,2,54,No
19,59,9,9,80,No
23,100,32,7,73,No
19,55,4,2,27,Yes
22,73,18,0,48,No
22,41,5,4,60,No
19,74,20,1,49,No
23,79,23,10,40,No
19,95,11,3,95,No
24,67,22,0,30,Yes
26,86,4,8,21,No
20,78,29,5,69,No
29,45,34,7,60,No
17,48,13,10,85,No
20,59,9,3,22,Yes
23,99,31,8,99,No
27,40,7,1,70,Yes
20,47,4,8,87,No
29,94,19,4,44,No
22,62,30,5,49,No
25,42,31,2,30,Yes
17,43,21,3,36,Yes
29,97,31,5,45,No
21,64,19,6,42,No
27,86,31,0,75,No
23,77,32,6,71,No
17,54,2,0,67,Yes
20,60,10,4,39,No
22,74,2,5,21,Yes
18,96,2,1,50,No
26,92,24,9,46,No
21,92,17,8,21,No
27,85,32,9,97,No
26,91,16,5,23,No
17,53,16,6,32,No
22,75,31,9,54,No
22,51,24,7,91,No
29,56,1,10,85,No
20,78,11,9,25,No
29,48,21,0,50,Yes
24,74,4,7,29,No
20,99,7,3,40,No
24,52,26,9,93,No
29,54,12,7,42,No
24,57,31,5,22,No
21,90,17,10,51,No
29,72,33,8,39,No
20,45,11,10,93,No
28,98,28,3,48,No
29,66,32,1,71,No
18,62,1,1,65,Yes
27,98,28,4,53,No
19,66,7,9,80,No
19,73,2,8,91,No
20,95,24,2,90,No
20,85,4,7,89,No
26,77,19,3,30,No
27,53,26,5,82,No
27,75,11,9,40,No
21,92,11,5,22,No
20,47,3,2,29,Yes
27,74,12,4,46,No
26,58,3,2,31,Yes
24,69,27,10,26,No
22,53,2,10,36,No
22,98,16,0,84,No
24,59,2,6,83,No
23,88,30,3,45,No
26,64,20,6,34,No
27,79,28,2,52,No
28,63,25,10,81,No
26,53,32,4,66,No
29,65,10,4,54,No
24,77,33,1,84,No
18,62,13,10,91,No
25,61,16,9,95,No
17,87,22,1,44,No
24,96,20,3,76,No
28,58,27,3,51,No
27,85,16,3,82,No
28,90,34,5,31,No
28,42,32,1,82,No
20,81,26,5,96,No
20,58,25,6,20,No
21,48,2,10,70,No
24,67,12,9,89,No
21,59,9,2,27,Yes
24,84,12,10,87,No
26,46,26,7,24,No
17,53,9,1,58,No
28,48,10,10,42,No
26,98,32,7,87,No
25,99,34,10,71,No
22,94,20,4,23,No
19,96,2,1,66,No
29,99,1,6,40,No
24,58,24,1,75,No
25,86,27,5,85,No
22,91,2,9,78,No
27,53,31,2,26,Yes
23,95,14,8,68,No
17,77,2,2,35,Yes
21,92,29,10,36,No
21,100,15,2,94,No
26,75,12,4,53,No
20,79,28,6,52,No
22,56,20,7,45,No
23,69,24,10,85,No
25,48,21,6,82,No
17,72,10,8,60,No
22,95,14,4,77,No
23,91,18,9,98,No
19,64,24,10,29,No
24,53,14,2,34,Yes
21,50,34,5,61,No
25,92,12,4,76,No
21,74,22,3,36,No
25,80,6,1,79,No
26,98,22,6,28,No
20,53,14,4,55,No
25,69,16,3,92,No
21,80,25,7,99,No
26,43,32,8,55,No
25,98,33,8,67,No
19,43,20,2,70,No
20,67,18,2,89,No
25,47,3,4,93,No
26,41,23,4,99,No
27,80,32,9,87,No
22,100,16,1,41,No
18,85,5,0,96,No
23,61,4,7,99,No
18,80,21,2,25,No
27,95,14,0,45,No
18,94,31,0,94,No
27,55,14,10,22,No
17,68,6,1,71,No
27,88,12,5,93,No
27,87,16,5,79,No
28,69,17,2,82,No
27,51,23,3,84,No
19,74,14,1,71,No
22,50,7,1,95,Yes
24,85,32,6,33,No
25,89,15,0,91,No
23,60,17,6,87,No
20,60,34,0,47,No
22,44,5,5,90,No
21,87,27,2,29,No
24,59,23,7,76,No
17,76,14,5,85,No
17,42,15,10,69,No
29,83,33,1,33,No
27,72,31,7,35,No
22,92,17,4,73,No
26,100,28,7,62,No
28,48,19,7,61,No
18,100,23,5,41,No
21,48,32,1,87,No
17,43,13,7,38,No
23,74,20,10,85,No
17,56,5,5,58,No
20,73,9,5,92,No
25,63,29,7,38,No
17,71,6,0,35,Yes
20,40,25,1,73,Yes
22,47,31,8,44,No
22,84,22,10,37,No
28,62,2,7,42,No
29,86,5,6,30,No
24,79,27,6,58,No
17,51,25,4,87,No
23,93,8,1,44,No
17,51,1,10,82,No
29,85,20,5,49,No
23,86,23,9,64,No
19,54,32,2,80,No
27,80,11,3,70,No
24,58,24,9,28,No
19,65,11,10,95,No
29,91,29,1,21,No
17,68,26,1,24,Yes
29,61,16,7,81,No
29,79,20,7,88,No
24,60,3,9,71,No
19,90,1,5,24,No
18,77,1,4,78,No
17,59,17,7,87,No
19,96,2,3,28,No
18,68,29,10,41,No
18,90,20,3,46,No
22,43,6,4,29,Yes
28,94,8,0,99,No
17,46,29,0,80,Yes
18,67,33,1,70,No
22,67,3,7,29,No
19,43,5,6,25,Yes
20,61,27,9,81,No
17,51,12,8,24,No
24,84,20,4,89,No
29,42,20,1,82,No
23,61,9,6,75,No
23,83,4,7,78,No
19,41,19,6,82,No
26,63,27,6,78,No
26,73,13,4,70,No
19,66,13,1,69,No
18,94,22,5,23,No
28,80,28,3,67,No
17,40,22,9,51,No
23,47,19,1,70,No
23,62,8,8,71,No
28,77,8,6,93,No
18,45,26,5,53,No
23,61,26,4,55,No
29,64,23,2,89,No
24,57,13,9,62,No
17,56,28,9,35,No
25,100,9,3,78,No
23,51,20,2,72,No
19,45,19,10,38,No
24,65,12,7,60,No
23,66,15,2,66,No
27,47,31,6,73,No
29,58,14,6,74,No
24,99,11,6,38,No
22,81,26,6,81,No
25,40,27,1,78,Yes
21,96,11,9,84,No
19,68,34,2,87,No
19,84,19,9,47,No
17,88,6,8,37,No
28,74,28,2,45,No
24,79,1,1,38,Yes
18,53,8,8,74,No
19,74,7,9,76,No
24,87,11,8,25,No
24,84,4,3,20,Yes
27,59,25,8,27,No
20,95,12,2,70,No
20,88,26,6,44,No
21,52,12,6,66,No
22,100,24,10,74,No
21,77,16,7,83,No
23,88,13,9,29,No
18,85,25,3,75,No
23,88,4,2,31,No
26,47,11,2,52,No
23,82,32,4,90,No
17,59,7,10,36,No
23,99,11,0,80,No
21,72,28,9,29,No
19,65,23,2,50,No
29,78,23,5,79,No
19,60,28,2,89,No
20,92,26,4,36,No
29,88,25,8,69,No
28,81,29,1,56,No
18,82,19,10,81,No
18,93,33,1,99,No
17,80,14,5,91,No
21,48,14,5,96,No
20,63,30,10,48,No
27,76,28,10,51,No
26,88,17,7,99,No
18,80,3,10,30,No
19,56,16,1,25,Yes
23,63,30,8,54,No
23,60,29,1,52,No
28,90,15,0,37,No
20,98,25,9,56,No
21,78,23,1,32,No
21,94,25,6,93,No
22,80,7,7,83,No
25,78,22,4,20,No
18,52,17,5,82,No
21,50,18,0,53,No
28,85,10,5,29,No
19,58,10,7,26,No
20,50,7,2,75,No
26,52,27,10,99,No
22,85,33,0,56,No
28,84,1,10,48,No
24,40,34,3,31,Yes
17,79,4,0,36,Yes
26,83,17,7,67,No
24,58,4,4,45,No
27,51,26,0,31,Yes
23,47,4,7,40,No
17,47,1,8,61,No
18,100,7,9,80,No
19,92,30,1,77,No
17,84,9,8,73,No
25,51,8,7,53,No
24,100,24,6,26,No
18,87,19,2,54,No
29,72,27,1,34,No
25,84,32,6,84,No
23,65,14,4,44,No
25,78,18,5,78,No
22,67,28,3,98,No
22,97,29,1,25,No
27,44,16,8,71,No
20,47,31,2,98,No
26,64,4,6,40,No
26,66,17,7,90,No
29,85,26,1,51,No
29,62,4,5,72,No
18,69,30,10,78,No
23,84,30,7,88,No
21,86,22,6,81,No
27,62,11,10,23,No
22,88,2,2,37,No
18,86,12,0,75,No
21,59,30,5,43,No
26,57,18,7,85,No
20,57,26,5,32,No
25,41,7,4,81,No
22,43,1,10,73,No
18,69,26,7,34,No
17,72,23,1,88,No
21,75,26,0,22,Yes
25,57,6,0,56,Yes
22,76,6,3,56,No
26,58,8,5,22,Yes
28,86,24,8,82,No
23,67,22,0,54,No
21,79,19,0,71,No
26,59,18,4,47,No
22,88,31,9,37,No
21,72,30,4,55,No
27,51,33,4,52,No
25,97,10,9,83,No
22,90,12,5,45,No
27,54,30,7,67,No
24,80,27,2,59,No
18,78,9,8,36,No
28,41,21,0,59,Yes
29,68,12,3,26,No
25,80,29,8,76,No
21,49,33,7,27,No
23,41,15,9,75,No
26,90,2,8,50,No
29,50,18,0,78,No
17,52,3,8,77,No
26,49,7,2,31,Yes
21,53,18,10,67,No
28,57,33,9,50,No
26,90,31,8,82,No
18,93,11,0,93,No
28,48,4,0,58,Yes
22,96,18,8,95,No
27,78,4,10,39,No
17,67,34,5,67,No
19,42,29,3,90,No
21,59,24,6,73,No
20,45,22,4,97,No
19,66,2,9,94,No
26,92,6,6,90,No
29,41,25,7,48,No
21,68,21,7,93,No
27,77,16,0,92,No
24,42,31,7,67,No
27,55,14,5,93,No
20,69,28,3,75,No
17,79,32,7,36,No
27,41,28,2,28,Yes
23,56,9,3,53,No
24,80,22,5,64,No
19,51,32,10,28,No
22,74,5,6,26,No
18,82,23,3,35,No
23,40,5,3,38,Yes
24,94,32,6,25,No
22,84,10,5,30,No
22,54,15,10,95,No
21,65,7,7,80,No
24,76,29,0,61,No
17,60,3,9,32,No
26,88,19,10,31,No
20,70,10,6,93,No
20,64,28,6,39,No
19,62,29,10,69,No
19,63,15,6,55,No
20,96,6,6,88,No
27,77,12,9,56,No
17,67,13,9,31,No
27,60,29,7,59,No
29,93,19,8,73,No
27,82,3,8,21,No
18,57,8,1,69,No
25,75,8,6,60,No
26,74,20,6,64,No
18,84,4,3,28,No
21,94,21,8,81,No
25,48,3,7,66,No
25,92,8,0,24,Yes
24,77,23,1,95,No
17,97,16,1,20,No
17,69,13,10,63,No
25,99,3,7,41,No
29,83,9,0,57,No
27,73,14,3,38,No
24,71,13,9,99,No
26,42,7,4,50,No
25,42,15,8,86,No
23,67,7,6,61,No
19,83,34,7,45,No
19,54,22,10,32,No
18,80,24,8,77,No
21,62,1,6,37,No
28,79,10,4,86,No
28,50,16,4,22,Yes
19,87,8,9,74,No
22,71,25,10,77,No
18,97,12,5,82,No
28,98,25,4,71,No
19,96,17,10,43,No
21,93,26,8,91,No
28,75,14,2,28,No
27,99,23,2,56,No
27,72,6,6,72,No
17,63,5,6,99,No
29,78,25,5,43,No
17,73,18,2,40,No
26,95,13,6,59,No
25,67,14,4,81,No
23,76,28,6,89,No
17,46,18,1,88,No
28,43,28,5,33,No
24,76,27,7,61,No
19,95,32,0,69,No
24,40,9,3,80,No
21,40,32,10,23,No
17,86,20,0,91,No
23,59,28,0,94,No
21,58,33,9,36,No
22,68,4,10,76,No
22,49,34,7,67,No
24,99,3,6,63,No
25,57,26,9,64,No
18,67,8,0,99,No
25,74,6,10,52,No
28,82,16,1,50,No
27,86,24,3,66,No
26,70,30,0,25,Yes
25,66,13,2,91,No
29,50,5,7,90,No
26,88,25,7,53,No
26,88,20,7,72,No
23,77,18,5,33,No
17,44,18,5,35,No
23,47,2,4,62,No
26,73,10,8,92,No
21,87,12,3,93,No
22,91,13,9,31,No
26,95,11,6,89,No
23,51,19,0,38,Yes
21,77,26,8,60,No
23,40,14,6,72,No
25,70,24,9,48,No
19,43,1,8,89,No
24,88,22,6,78,No
18,84,23,1,83,No
27,89,19,5,43,No
23,44,18,9,35,No
29,69,12,10,71,No
18,95,28,3,99,No
20,63,28,2,25,Yes
23,98,33,1,56,No
19,42,19,5,23,Yes
18,50,28,7,57,No
27,84,26,5,60,No
26,43,34,8,33,No
23,65,16,4,90,No
17,66,13,1,70,No
24,85,23,7,84,No
19,93,22,8,71,No
28,82,16,9,49,No
28,66,28,3,76,No
29,81,8,5,98,No
18,90,22,10,49,No
19,89,21,9,61,No
21,45,26,7,30,No
27,98,21,8,46,No
24,100,25,4,43,No
26,54,1,5,58,No
23,92,6,10,91,No
23,69,23,3,37,No
28,81,23,4,96,No
23,76,23,6,64,No
24,97,32,8,31,No
17,100,30,9,68,No
20,76,13,10,50,No
29,81,18,5,41,No
22,99,23,5,63,No
25,76,15,7,83,No
29,74,33,10,96,No
18,62,21,3,44,No
17,45,23,2,70,No
29,43,27,6,26,No
26,57,18,4,25,Yes
28,99,24,1,43,No
18,48,7,1,38,Yes
23,88,20,10,28,No
19,68,27,5,55,No
26,52,6,7,59,No
18,98,27,0,43,No
27,86,9,10,67,No
23,91,31,5,82,No
29,56,21,1,88,No
29,84,26,1,72,No
18,71,13,6,73,No
19,87,23,9,61,No
27,61,20,0,64,No
23,43,28,5,33,No
20,44,17,6,48,No
29,76,28,7,25,No
17,80,2,6,26,No
29,88,25,5,56,No
21,52,6,8,72,No
28,73,11,2,37,No
25,84,6,10,57,No
24,61,11,5,78,No
28,92,14,3,20,No
25,98,2,1,87,No
26,62,3,0,63,Yes
25,90,33,0,66,No
23,42,24,10,54,No
20,81,19,9,79,No
21,73,18,2,71,No
17,71,24,3,27,No
17,84,1,1,99,No
19,90,25,10,60,No
29,97,34,10,22,No
24,88,25,10,88,No
18,60,16,0,33,Yes
20,85,34,3,45,No
18,83,29,6,89,No
21,60,19,9,77,No
25,83,23,10,59,No
17,50,19,5,70,No
21,78,25,5,24,No
25,43,16,10,96,No
17,90,9,8,51,No
25,40,1,1,99,Yes
24,67,19,3,20,Yes
20,63,33,4,96,No
28,100,34,0,73,No
27,74,16,7,30,No
26,52,18,7,72,No
21,86,34,5,27,No
29,73,25,4,44,No
21,50,6,7,59,No
27,75,21,2,51,No
28,90,6,2,47,No
22,100,32,1,97,No
23,56,31,4,22,Yes
24,74,10,2,98,No
24,99,30,2,81,No
27,57,18,5,46,No
29,79,24,7,64,No
18,61,9,1,44,No
25,96,31,3,80,No
23,63,15,10,63,No
20,97,4,6,65,No
20,58,9,0,33,Yes
27,76,9,0,27,Yes
24,78,26,9,67,No
20,60,4,6,33,No
29,47,17,6,84,No
22,67,16,0,99,No
21,44,15,0,26,Yes
19,56,5,3,98,No
29,76,5,4,68,No
26,75,20,4,74,No
27,93,15,3,32,No
18,58,18,7,92,No
25,66,2,6,75,No
26,92,29,8,75,No
25,73,13,6,34,No
17,50,4,9,76,No
26,93,10,0,77,No
19,84,31,6,54,No
24,86,8,0,35,No
22,51,3,6,27,Yes
21,93,9,9,64,No
21,60,30,7,59,No
22,93,11,10,73,No
23,50,13,8,33,No
17,78,13,2,78,No
25,67,12,3,72,No
19,44,10,3,46,No
20,56,9,8,66,No
26,95,7,6,99,No
17,59,2,2,25,Yes
29,80,23,9,74,No
27,85,21,4,63,No
26,97,23,6,37,No
19,51,29,7,35,No
18,45,14,0,31,Yes
18,56,26,1,39,Yes
17,90,5,6,64,No
24,58,31,10,83,No
19,65,25,1,78,No
19,87,31,6,41,No
22,83,20,8,66,No
29,83,17,10,48,No
24,91,2,1,64,No
29,71,25,6,96,No
25,45,13,3,28,Yes
25,94,28,10,43,No
20,97,6,1,34,No
21,75,3,6,55,No
18,77,18,4,32,No
27,50,11,0,63,No
25,72,20,4,90,No
24,63,5,2,91,No
19,62,19,6,97,No
27,54,22,5,95,No
28,66,19,7,55,No
29,50,16,4,80,No
25,96,24,1,59,No
19,90,4,8,46,No
25,89,15,10,20,No
18,56,25,7,53,No
28,90,14,5,87,No
26,92,19,9,40,No
25,53,7,6,52,No
24,66,30,8,26,No
25,57,19,6,84,No
21,67,25,2,22,Yes
27,90,16,5,70,No
27,86,8,10,98,No
18,86,18,10,73,No
24,43,28,6,99,No
28,46,16,1,93,No
22,84,19,2,78,No
24,74,17,3,25,No
27,87,13,9,48,No
21,48,7,5,36,No
26,47,27,0,79,Yes
18,91,10,8,41,No
22,84,34,4,43,No
21,56,25,6,70,No
28,56,6,8,69,No
29,88,24,8,30,No
28,72,18,0,75,No
21,71,23,0,90,No
29,47,6,2,61,No
17,58,29,5,58,No
18,77,25,1,88,No
24,42,17,9,67,No
29,98,24,10,76,No
29,44,11,0,40,Yes
19,52,26,0,39,Yes
26,86,34,4,34,No
19,85,28,3,88,No
24,100,3,0,96,No
24,70,11,3,70,No
18,94,14,2,95,No
24,55,26,1,81,No
27,89,21,8,56,No
29,71,30,10,25,No
29,61,8,0,90,No
17,68,20,6,45,No
22,61,32,3,27,Yes
24,82,22,4,92,No
19,42,7,9,23,No
24,93,9,4,40,No
28,49,1,0,50,Yes
17,81,29,5,40,No
27,60,8,8,44,No
27,55,4,1,34,Yes
25,51,3,6,54,No
29,41,7,5,68,No
27,80,27,4,62,No
29,63,1,3,60,No
25,74,27,3,56,No
21,95,16,5,76,No
26,69,7,3,61,No
20,96,23,4,66,No
27,69,11,5,80,No
22,86,33,4,33,No
28,74,17,6,87,No
23,58,5,8,72,No
21,89,32,9,53,No
27,47,3,6,95,No
29,65,14,6,43,No
26,88,31,3,39,No
25,79,31,0,88,No
19,46,17,7,49,No
23,69,24,3,26,No
26,46,23,0,55,Yes
26,42,18,4,57,No
27,40,14,7,99,No
21,75,15,3,71,No
23,64,15,7,34,No
18,76,6,7,65,No
20,40,27,2,42,Yes
18,54,15,8,31,No
29,76,8,2,63,No
29,52,15,0,34,Yes
28,79,3,1,68,No
23,47,13,5,40,No
18,44,34,9,34,No
29,99,24,1,33,No
27,48,32,5,61,No
17,40,32,0,99,Yes
25,75,30,10,34,No
17,74,13,0,82,No
24,41,1,4,87,Yes
18,79,34,9,46,No
28,62,15,10,72,No
24,48,14,8,71,No
29,73,29,7,82,No
19,85,34,2,92,No
22,53,18,2,72,No
19,43,7,0,76,Yes
23,69,29,2,71,No
26,70,31,10,62,No
25,77,25,0,26,Yes
18,50,14,7,61,No
28,74,8,0,23,Yes
28,47,27,4,88,No
21,42,2,8,24,Yes
29,53,17,6,94,No
22,99,14,3,99,No
20,52,25,10,60,No
20,84,30,8,23,No
20,71,29,8,21,No
18,73,20,1,86,No
20,84,21,9,40,No
27,100,22,9,89,No
17,58,16,10,62,No
28,98,17,5,88,No
22,77,16,3,28,No
17,55,2,7,47,No
26,41,4,10,45,No
22,79,21,6,22,No
17,56,34,6,92,No
22,94,30,10,68,No
26,73,6,9,36,No
24,81,17,8,82,No
27,99,25,4,74,No
18,55,5,5,42,No
18,77,5,0,53,No
29,99,20,5,88,No
28,41,16,1,34,Yes
20,41,9,5,66,No
27,65,5,8,22,No
19,52,2,7,47,No
20,95,9,8,22,No
29,86,22,9,23,No
28,70,22,7,50,No
23,99,22,2,64,No
29,73,34,7,78,No
27,78,29,5,64,No
17,42,33,5,94,No
22,47,18,5,56,No
19,62,7,2,84,No
27,53,1,9,28,No
26,95,33,0,36,No
23,94,1,3,84,No
26,66,24,9,22,No
18,93,4,5,45,No
18,68,4,10,72,No
29,78,18,9,50,No
20,92,27,1,45,No
17,78,32,6,42,No
19,40,33,6,49,No
29,56,28,10,29,No
25,80,6,3,91,No
23,69,16,3,83,No
23,92,34,0,41,No
29,52,23,1,34,Yes
29,60,24,8,75,No
27,58,13,9,93,No
20,92,18,7,39,No
18,58,13,7,66,No
20,96,17,8,72,No
22,64,15,6,72,No
27,61,18,8,20,No
27,70,23,9,21,No
19,56,30,1,77,No
17,94,34,5,38,No
28,62,4,2,81,No
24,71,3,10,97,No
28,49,7,5,91,No
29,49,18,2,31,Yes
21,75,7,7,45,No
21,47,6,10,46,No
27,93,22,3,48,No
20,91,1,9,34,No
22,59,4,5,65,No
19,71,29,8,20,No
25,89,21,1,79,No
21,53,26,1,76,No
19,89,14,6,22,No
27,67,9,1,37,No
17,85,12,1,71,No
26,91,6,3,79,No
28,92,20,8,53,No
22,63,24,7,79,No
18,54,27,1,45,No
29,61,8,7,91,No
19,69,1,3,38,Yes
17,43,24,1,41,Yes
25,52,7,10,52,No
24,98,19,9,57,No
28,62,22,6,54,No
18,47,30,5,86,No
28,57,29,9,29,No
27,51,22,4,34,No
24,94,11,10,30,No
28,70,20,0,43,No
25,53,29,1,96,No
17,73,34,7,23,No
29,57,1,0,32,Yes
21,95,31,2,92,No
24,73,30,1,76,No
27,50,18,4,56,No
18,80,17,3,67,No
20,51,14,6,90,No
23,88,23,4,20,No
19,54,25,7,79,No
29,96,15,3,31,No
28,70,22,5,40,No
21,88,3,3,30,No
24,97,19,1,63,No
28,68,34,0,77,No
26,65,1,0,63,Yes
19,57,21,7,97,No
20,71,29,3,53,No
25,61,6,4,44,No
23,77,1,10,23,No
17,56,1,7,83,No
28,62,27,6,35,No
20,63,21,7,29,No
20,89,16,7,85,No
25,47,26,5,54,No
22,80,16,9,25,No
25,45,28,1,38,Yes
28,44,1,5,78,No
22,83,10,0,72,No
22,96,17,0,27,No
21,68,23,10,97,No
21,67,7,2,29,Yes
18,50,7,2,86,No
24,96,15,10,57,No
24,40,34,4,48,No
27,82,4,0,34,Yes
29,58,14,9,42,No
17,48,14,5,65,No
24,66,16,6,47,No
21,73,7,9,45,No
18,83,32,10,29,No
18,43,19,2,66,No
22,75,2,3,23,Yes
27,57,10,9,74,No
29,54,17,10,85,No
25,90,12,9,86,No
17,52,6,9,26,No
28,58,22,9,74,No
22,88,32,9,99,No
25,45,20,2,50,No
24,87,1,0,93,No
27,95,6,7,38,No
22,51,19,9,47,No
19,90,18,9,47,No
24,76,6,1,38,No
25,56,33,0,39,Yes
17,97,23,7,32,No
28,62,23,6,96,No
25,65,26,6,62,No
22,68,13,3,30,No
22,72,7,10,67,No
28,99,15,8,34,No
20,66,27,5,36,No
17,64,26,1,73,No
26,95,33,0,69,No
24,94,15,0,47,No
18,49,27,8,23,No
28,86,5,3,41,No
17,62,2,4,58,No
18,60,33,2,53,No
17,60,16,3,63,No
17,82,23,7,61,No
25,52,16,3,59,No
29,76,14,8,31,No
17,72,29,8,21,No
29,63,26,5,47,No
20,83,15,1,93,No
26,50,3,9,86,No
22,56,23,10,90,No
23,43,29,6,91,No
18,86,34,8,95,No
22,64,33,5,29,No
23,69,23,2,76,No
26,48,7,6,56,No
26,60,3,4,96,No
18,59,32,0,83,No
18,58,31,2,98,No
26,58,18,4,59,No
23,51,7,6,79,No
28,76,1,2,67,No
17,81,14,5,38,No
24,56,32,4,91,No
27,76,6,0,52,No
29,93,10,9,63,No
19,87,7,5,56,No
27,78,26,7,55,No
22,67,34,0,40,No
25,80,30,1,21,Yes
22,74,21,3,50,No
25,86,17,1,49,No
23,87,33,10,95,No
25,57,10,8,63,No
18,53,12,9,31,No
28,74,16,7,70,No
24,83,32,7,68,No
24,80,15,3,43,No
18,99,27,4,43,No
28,46,28,3,79,No
20,80,17,8,30,No
27,52,2,1,32,Yes
23,57,7,10,91,No
27,76,13,7,93,No
20,52,15,1,91,No
20,75,25,0,83,No
22,70,23,9,39,No
26,41,22,2,91,No
22,55,26,8,92,No
26,48,33,2,90,No
19,48,11,8,97,No
25,77,10,6,47,No
28,50,25,9,21,No
26,93,24,0,62,No
27,95,33,9,27,No
18,61,17,4,32,No
22,72,24,8,54,No
28,75,2,2,42,No
23,84,32,8,65,No
28,62,24,4,34,No
29,84,9,8,21,No
25,84,4,9,80,No
29,73,17,5,95,No
19,48,17,8,83,No
26,63,30,6,71,No
19,47,11,6,55,No
23,46,21,7,86,No
20,75,21,6,88,No
29,57,18,8,86,No
24,42,29,10,66,No
29,67,24,8,21,No
23,45,10,5,63,No
21,83,17,6,83,No
23,83,18,1,97,No
19,60,20,8,47,No
28,67,18,0,73,No
18,79,17,0,93,No
22,93,9,2,86,No
18,93,14,5,55,No
19,40,29,4,82,No
22,75,31,1,44,No
21,60,4,8,67,No
24,99,18,9,58,No
25,82,20,3,66,No
27,74,9,3,40,No
19,52,13,4,49,No
28,96,15,7,50,No
26,88,27,9,45,No
19,93,15,3,41,No
19,93,28,4,40,No
29,49,19,3,20,Yes
29,92,26,5,56,No
22,83,26,2,96,No
17,86,25,7,65,No
23,92,26,5,28,No
28,49,26,9,36,No
17,85,28,4,66,No
21,52,18,1,78,No
26,76,32,9,73,No
29,77,3,9,31,No
24,63,2,6,83,No
20,41,33,1,25,Yes
21,61,19,0,72,No
20,56,17,6,35,No
28,75,33,4,24,No
28,53,12,0,92,No
20,49,3,3,65,No
28,74,26,3,33,No
24,64,8,9,63,No
18,42,7,6,82,No
17,86,16,8,71,No
19,77,24,1,45,No
25,56,1,0,72,Yes
20,51,25,1,48,No
26,93,10,6,38,No
21,91,16,9,66,No
18,63,16,5,27,No
20,68,8,3,42,No
18,82,29,0,54,No
18,64,28,0,72,No
20,75,6,4,77,No
22,97,16,0,24,No
23,99,20,6,35,No
26,65,16,10,36,No
19,77,7,0,51,No
19,40,14,0,71,Yes
26,59,26,1,39,Yes
22,94,26,10,85,No
29,67,14,9,20,No
28,55,7,2,77,No
19,86,33,10,63,No
29,56,26,0,25,Yes
18,79,20,8,69,No
24,67,3,9,91,No
21,97,4,7,39,No
17,51,26,4,33,No
19,66,11,10,24,No
26,93,2,1,60,No
24,92,14,4,59,No
20,81,30,5,53,No
23,98,12,0,99,No
26,86,26,10,64,No
28,69,33,3,90,No
18,80,13,8,99,No
23,73,14,1,90,No
21,76,24,4,46,No
21,45,34,0,97,Yes
22,46,26,3,97,No
29,71,21,3,63,No
25,71,28,5,52,No
22,92,2,9,52,No
28,64,9,8,63,No
29,72,23,2,39,No
24,94,15,8,55,No
23,97,13,5,26,No
25,46,23,6,51,No
20,91,17,9,86,No
18,96,2,1,58,No
23,51,20,10,43,No
22,55,20,9,89,No
17,55,3,5,73,No
27,82,12,5,57,No
25,92,2,1,93,No
25,75,14,1,99,No
28,52,16,1,94,No
18,46,19,9,51,No
19,75,34,0,64,No
21,86,6,4,80,No
21,90,13,7,89,No
17,48,22,1,72,No
24,71,18,4,70,No
28,50,12,7,95,No
24,47,30,9,75,No
20,72,7,4,46,No
29,62,32,1,57,No
23,64,19,2,81,No
27,95,6,5,37,No
26,47,20,10,83,No
19,84,27,10,96,No
22,61,7,4,49,No
26,98,5,10,68,No
29,43,11,3,60,No
26,79,15,3,32,No
28,42,3,4,53,No
25,68,5,1,44,Yes
17,80,23,8,85,No
21,68,9,1,37,No
20,73,15,9,24,No
24,73,3,1,38,Yes
27,67,29,9,61,No
28,52,6,8,37,No
17,54,17,2,51,No
25,99,26,9,40,No
22,62,21,6,29,No
20,83,8,3,56,No
28,65,21,5,68,No
25,43,11,3,32,Yes
27,65,8,9,74,No
21,79,24,6,36,No
21,48,14,0,28,Yes
28,94,14,2,63,No
21,44,10,2,97,No
17,95,12,0,65,No
17,71,34,5,27,No
24,59,10,10,56,No
28,89,17,8,38,No
24,50,17,7,82,No
28,54,3,10,65,No
22,71,31,6,90,No
28,67,1,9,45,No
27,61,12,7,65,No
29,80,4,5,65,No
20,56,13,8,94,No
18,98,34,2,33,No
18,65,21,9,82,No
25,83,22,9,91,No
21,46,4,8,22,Yes
20,81,18,3,47,No
26,96,5,6,48,No
29,65,19,8,37,No
17,64,2,1,54,Yes
23,49,12,1,96,No
19,98,17,8,95,No
22,84,10,2,66,No
21,58,34,8,24,No
21,50,6,4,94,No
27,52,8,5,78,No
21,92,11,1,94,No
17,47,12,7,78,No
17,79,9,10,66,No
19,43,2,8,32,No
28,86,8,1,97,No
26,70,11,5,52,No
20,67,10,5,81,No
21,50,21,7,98,No
18,82,20,9,35,No
24,40,8,4,63,No
27,88,29,8,77,No
27,86,12,0,25,Yes
18,91,14,8,34,No
25,77,21,9,23,No
18,63,22,6,75,No
29,93,21,3,83,No
25,99,30,2,87,No
23,96,20,9,53,No
24,86,24,10,75,No
27,70,23,5,51,No
18,80,7,0,28,Yes
23,85,9,2,82,No
28,89,1,1,91,No
22,65,26,10,97,No
20,88,22,8,52,No
23,89,10,2,40,No
29,44,6,1,74,Yes
20,59,17,3,95,No
18,91,24,1,76,No
26,80,10,0,21,Yes
28,50,8,5,32,No
23,95,21,9,23,No
24,93,6,7,69,No
18,72,21,9,67,No
21,89,24,9,97,No
17,77,33,1,49,No
23,66,18,8,48,No
24,73,28,2,27,No
29,54,32,7,31,No
22,71,12,7,60,No
21,100,27,2,45,No
22,97,10,2,69,No
18,60,32,5,21,No
17,85,26,0,74,No
23,44,25,3,75,No
23,45,11,0,33,Yes
26,77,23,2,25,No
27,61,34,8,80,No
26,57,23,4,31,No
18,53,29,4,32,No
18,49,31,10,38,No
17,85,7,3,63,No
26,52,33,2,78,No
24,70,21,4,56,No
24,69,2,10,44,No
17,42,18,3,35,Yes
28,69,33,7,57,No
27,45,34,3,62,No
24,68,20,10,33,No
25,47,18,7,25,No
20,83,24,5,42,No
17,84,8,10,79,No
17,82,30,4,31,No
19,83,10,3,32,No
21,72,23,3,25,No
21,56,11,3,82,No
25,87,2,10,57,No
26,50,26,8,69,No
28,52,33,3,71,No
18,89,13,8,59,No
18,50,25,9,27,No
22,70,4,5,80,No
25,67,19,9,27,No
17,83,18,6,53,No
25,45,30,9,98,No
25,80,19,2,79,No
29,55,23,7,76,No
25,43,16,2,65,No
21,74,1,0,41,Yes
29,99,12,9,59,No
25,87,24,4,64,No
27,95,34,1,74,No
20,98,8,9,70,No
18,65,18,5,24,No
29,96,5,9,32,No
22,51,26,8,47,No
20,50,30,0,99,No
22,76,13,3,81,No
19,64,19,0,43,No
22,57,29,0,26,Yes
18,58,3,7,57,No
18,62,26,10,56,No
29,94,12,1,87,No
25,77,2,0,61,No
23,93,11,10,24,No
19,57,28,7,83,No
29,65,18,3,69,No
27,45,13,2,34,Yes
17,43,22,3,92,No
24,83,12,10,72,No
22,90,2,4,44,No
23,68,7,0,28,Yes
25,98,26,10,57,No
21,100,26,0,41,No
17,73,24,2,68,No
28,56,12,5,87,No
26,82,16,0,34,No
23,82,23,10,84,No
21,92,9,1,73,No
19,55,32,6,49,No
28,41,15,0,39,Yes
29,73,13,6,52,No
25,94,5,3,96,No
17,47,11,9,26,No
17,52,10,5,27,No
17,81,13,7,47,No
19,47,15,8,64,No
28,69,7,5,92,No
22,71,28,10,99,No
26,75,32,8,93,No
27,86,15,3,30,No
19,69,21,5,50,No
24,40,6,7,31,No
26,82,1,8,97,No
18,78,4,2,70,No
25,56,11,1,63,No
19,98,26,5,69,No
21,59,23,3,36,No
26,63,29,0,54,No
24,89,21,7,20,No
18,61,27,8,48,No
22,68,13,8,70,No
28,61,23,1,83,No
21,83,16,8,23,No
29,48,30,6,47,No
26,76,4,4,35,No
25,49,16,6,82,No
28,75,31,8,95,No
21,76,25,7,72,No
18,67,12,5,36,No
21,67,26,3,59,No
28,81,33,0,32,No
20,82,28,5,71,No
27,60,9,2,77,No
23,63,12,5,56,No
22,81,5,5,98,No
18,99,28,3,95,No
28,79,5,1,80,No
27,41,34,8,98,No
27,94,34,1,53,No
29,47,13,2,89,No
21,87,14,9,36,No
23,66,11,0,39,Yes
27,61,4,6,92,No
23,76,33,0,78,No
21,66,7,10,88,No
28,96,8,8,52,No
25,68,10,10,97,No
20,42,15,10,36,No
27,83,15,0,76,No
19,52,5,4,20,Yes
20,84,29,6,32,No
21,49,19,2,46,No
29,75,10,8,89,No
22,48,12,7,78,No
19,93,4,2,25,Yes
18,95,31,4,42,No
29,94,18,6,29,No
20,66,16,3,70,No
21,73,25,4,38,No
20,90,23,2,70,No
27,40,12,8,87,No
29,71,34,9,61,No
28,64,3,8,76,No
19,68,9,6,87,No
24,46,18,9,57,No
26,88,34,1,81,No
20,42,14,6,26,No